[
    {
        "id": 1,
        "projectName": "Untrammelled prevents",
        "date": "28 May 2019",
        "status": "Completed",
        "price": "$56,908"
    },
    {
        "id": 2,
        "projectName": "Untrammelled prevents",
        "date": "12 June 2019",
        "status": "On going",
        "price": "$45,087"
    },
    {
        "id": 3,
        "projectName": "Untrammelled prevents",
        "date": "12 June 2019",
        "status": "Pending",
        "price": "$60,123"
    },
    {
        "id": 4,
        "projectName": "Untrammelled prevents",
        "date": "14 June 2019",
        "status": "Pending",
        "price": "$70,435"
    },
    {
        "id": 5,
        "projectName": "Untrammelled prevents",
        "date": "25 June 2019",
        "status": "Completed",
        "price": "$15,987"
    }
]